Date,Minimum Temperature,Mean Temperature,Maximum Temperature,Mean Sea Level Pressure,Mean Dew Point,Total Precipitation,Visibility,Snow Depth,Mean Wind Speed,Maximum Sustained Wind Speed,Maximum Wind Gust
2017-01-01,15.8,29.3,49.3,No data.,No data.,0.00,No data.,No data.,No data.,No data.,No data.
2017-01-02,35.2,43.4,55.0,No data.,No data.,0.00,No data.,No data.,No data.,No data.,No data.
2017-01-03,19.9,31.9,53.1,No data.,No data.,0.08,No data.,No data.,No data.,No data.,No data.
2017-01-04,7.7,15.8,22.6,No data.,No data.,0.00,No data.,No data.,No data.,No data.,No data.
2017-01-05,8.1,12.8,19.9,No data.,No data.,0.06,No data.,No data.,No data.,No data.,No data.
2017-01-06,-6.7,4.8,16.9,No data.,No data.,0.06,No data.,No data.,No data.,No data.,No data.
2017-01-07,0.9,11.2,25.9,No data.,No data.,0.00,No data.,No data.,No data.,No data.,No data.
2017-01-08,4.1,20.5,42.4,No data.,No data.,0.00,No data.,No data.,No data.,No data.,No data.
2017-01-09,19.8,33.7,49.3,No data.,No data.,0.00,No data.,No data.,No data.,No data.,No data.
2017-01-10,37.8,46.7,55.9,No data.,No data.,0.00,No data.,No data.,No data.,No data.,No data.
2017-01-11,23.2,43.6,55.9,No data.,No data.,0.00,No data.,No data.,No data.,No data.,No data.
2017-01-12,12.7,19.3,25.7,No data.,No data.,0.00,No data.,No data.,No data.,No data.,No data.
2017-01-13,16.7,21.5,27.7,No data.,No data.,0.00,No data.,No data.,No data.,No data.,No data.
2017-01-14,26.6,28.5,33.4,No data.,No data.,0.00,No data.,No data.,No data.,No data.,No data.
2017-01-15,29.1,31.3,32.9,No data.,No data.,0.00,No data.,No data.,No data.,No data.,No data.
2017-01-16,32.0,34.0,39.4,No data.,No data.,0.42,No data.,No data.,No data.,No data.,No data.
2017-01-17,32.0,35.4,45.0,No data.,No data.,0.60,No data.,No data.,No data.,No data.,No data.
2017-01-18,23.2,35.5,58.8,No data.,No data.,0.00,No data.,No data.,No data.,No data.,No data.
2017-01-19,42.3,45.1,54.0,No data.,No data.,0.00,No data.,No data.,No data.,No data.,No data.
2017-01-20,42.4,45.5,51.1,No data.,No data.,0.02,No data.,No data.,No data.,No data.,No data.
2017-01-21,33.8,44.8,57.0,No data.,No data.,0.01,No data.,No data.,No data.,No data.,No data.
2017-01-22,36.7,43.1,54.9,No data.,No data.,0.02,No data.,No data.,No data.,No data.,No data.
2017-01-23,20.1,33.3,55.0,No data.,No data.,0.00,No data.,No data.,No data.,No data.,No data.
2017-01-24,33.3,40.6,62.8,No data.,No data.,0.00,No data.,No data.,No data.,No data.,No data.
2017-01-25,29.3,35.6,58.3,No data.,No data.,0.00,No data.,No data.,No data.,No data.,No data.
2017-01-26,21.6,29.8,39.2,No data.,No data.,0.00,No data.,No data.,No data.,No data.,No data.
2017-01-27,24.3,31.9,47.1,No data.,No data.,0.00,No data.,No data.,No data.,No data.,No data.
2017-01-28,28.8,36.6,48.7,No data.,No data.,0.00,No data.,No data.,No data.,No data.,No data.
2017-01-29,32.9,42.9,56.5,No data.,No data.,0.00,No data.,No data.,No data.,No data.,No data.
2017-01-30,30.7,42.9,64.8,No data.,No data.,0.00,No data.,No data.,No data.,No data.,No data.
2017-01-31,22.6,38.7,61.9,No data.,No data.,0.00,No data.,No data.,No data.,No data.,No data.
2017-02-01,32.9,37.7,47.7,No data.,No data.,0.00,No data.,No data.,No data.,No data.,No data.
2017-02-02,13.6,25.6,33.8,No data.,No data.,0.00,No data.,No data.,No data.,No data.,No data.
2017-02-03,22.5,26.9,35.4,No data.,No data.,0.00,No data.,No data.,No data.,No data.,No data.
2017-02-04,24.3,33.9,55.2,No data.,No data.,0.00,No data.,No data.,No data.,No data.,No data.
2017-02-05,26.1,40.0,54.9,No data.,No data.,0.00,No data.,No data.,No data.,No data.,No data.
2017-02-06,27.0,40.3,62.8,No data.,No data.,0.00,No data.,No data.,No data.,No data.,No data.
2017-02-07,33.3,40.3,61.7,No data.,No data.,0.00,No data.,No data.,No data.,No data.,No data.
2017-02-08,21.4,25.9,35.4,No data.,No data.,0.00,No data.,No data.,No data.,No data.,No data.
2017-02-09,12.7,22.6,41.4,No data.,No data.,0.00,No data.,No data.,No data.,No data.,No data.
2017-02-10,33.4,48.0,72.5,No data.,No data.,0.00,No data.,No data.,No data.,No data.,No data.
2017-02-11,44.1,57.4,71.1,No data.,No data.,0.00,No data.,No data.,No data.,No data.,No data.
2017-02-12,37.9,47.8,64.2,No data.,No data.,0.00,No data.,No data.,No data.,No data.,No data.
2017-02-13,25.0,35.8,50.4,No data.,No data.,0.00,No data.,No data.,No data.,No data.,No data.
2017-02-14,27.7,40.8,56.1,No data.,No data.,0.01,No data.,No data.,No data.,No data.,No data.
2017-02-15,19.6,38.8,57.0,No data.,No data.,0.00,No data.,No data.,No data.,No data.,No data.
2017-02-16,41.9,51.5,74.3,No data.,No data.,0.00,No data.,No data.,No data.,No data.,No data.
2017-02-17,43.5,58.3,75.4,No data.,No data.,0.00,No data.,No data.,No data.,No data.,No data.
2017-02-18,34.3,54.2,75.0,No data.,No data.,0.00,No data.,No data.,No data.,No data.,No data.
2017-02-19,47.7,55.7,73.0,No data.,No data.,0.00,No data.,No data.,No data.,No data.,No data.
2017-02-20,56.1,59.5,63.0,No data.,No data.,0.00,No data.,No data.,No data.,No data.,No data.
2017-02-21,29.7,50.3,70.9,No data.,No data.,0.50,No data.,No data.,No data.,No data.,No data.
2017-02-22,52.9,60.7,78.4,No data.,No data.,0.00,No data.,No data.,No data.,No data.,No data.
2017-02-23,48.4,55.1,72.3,No data.,No data.,0.00,No data.,No data.,No data.,No data.,No data.
2017-02-24,27.1,36.7,52.2,No data.,No data.,0.00,No data.,No data.,No data.,No data.,No data.
2017-02-25,17.8,27.3,44.6,No data.,No data.,0.01,No data.,No data.,No data.,No data.,No data.
2017-02-26,29.7,38.9,52.3,No data.,No data.,0.00,No data.,No data.,No data.,No data.,No data.
2017-02-27,22.8,39.8,63.9,No data.,No data.,0.00,No data.,No data.,No data.,No data.,No data.
2017-02-28,47.8,56.7,61.3,No data.,No data.,0.00,No data.,No data.,No data.,No data.,No data.
2017-03-01,32.2,43.0,57.7,No data.,No data.,0.00,No data.,No data.,No data.,No data.,No data.
2017-03-02,18.5,36.5,55.9,No data.,No data.,0.00,No data.,No data.,No data.,No data.,No data.
2017-03-03,25.0,40.8,67.3,No data.,No data.,0.00,No data.,No data.,No data.,No data.,No data.
2017-03-04,48.2,59.0,71.8,No data.,No data.,0.00,No data.,No data.,No data.,No data.,No data.
2017-03-05,53.6,58.4,68.5,No data.,No data.,0.00,No data.,No data.,No data.,No data.,No data.
2017-03-06,58.3,65.0,79.0,No data.,No data.,0.00,No data.,No data.,No data.,No data.,No data.
2017-03-07,32.9,48.7,77.4,No data.,No data.,0.03,No data.,No data.,No data.,No data.,No data.
2017-03-08,27.5,47.0,69.8,No data.,No data.,0.00,No data.,No data.,No data.,No data.,No data.
2017-03-09,30.6,48.4,71.4,No data.,No data.,0.00,No data.,No data.,No data.,No data.,No data.
2017-03-10,24.4,36.4,56.8,No data.,No data.,0.00,No data.,No data.,No data.,No data.,No data.
2017-03-11,28.0,32.8,39.9,No data.,No data.,0.00,No data.,No data.,No data.,No data.,No data.
2017-03-12,21.9,30.9,44.6,No data.,No data.,0.08,No data.,No data.,No data.,No data.,No data.
2017-03-13,23.9,33.1,44.4,No data.,No data.,0.00,No data.,No data.,No data.,No data.,No data.
2017-03-14,22.8,26.6,36.3,No data.,No data.,0.00,No data.,No data.,No data.,No data.,No data.
2017-03-15,21.7,31.5,47.3,No data.,No data.,0.00,No data.,No data.,No data.,No data.,No data.
2017-03-16,33.6,47.6,75.9,No data.,No data.,0.00,No data.,No data.,No data.,No data.,No data.
2017-03-17,48.4,62.0,73.2,No data.,No data.,0.00,No data.,No data.,No data.,No data.,No data.
2017-03-18,38.7,54.3,71.6,No data.,No data.,0.00,No data.,No data.,No data.,No data.,No data.
2017-03-19,54.1,67.2,91.9,No data.,No data.,0.00,No data.,No data.,No data.,No data.,No data.
2017-03-20,55.2,71.7,87.8,No data.,No data.,0.00,No data.,No data.,No data.,No data.,No data.
2017-03-21,46.0,56.7,73.9,No data.,No data.,0.00,No data.,No data.,No data.,No data.,No data.
2017-03-22,38.3,48.3,60.3,No data.,No data.,0.00,No data.,No data.,No data.,No data.,No data.
2017-03-23,45.7,59.3,78.6,No data.,No data.,0.00,No data.,No data.,No data.,No data.,No data.
2017-03-24,57.9,69.0,77.0,No data.,No data.,0.03,No data.,No data.,No data.,No data.,No data.
2017-03-25,42.1,45.7,62.6,No data.,No data.,1.17,No data.,No data.,No data.,No data.,No data.
2017-03-26,41.7,44.9,53.1,No data.,No data.,0.17,No data.,No data.,No data.,No data.,No data.
2017-03-27,45.0,48.3,55.2,No data.,No data.,0.29,No data.,No data.,No data.,No data.,No data.
2017-03-28,44.4,51.2,56.3,No data.,No data.,0.11,No data.,No data.,No data.,No data.,No data.
2017-03-29,47.8,49.7,53.6,No data.,No data.,0.40,No data.,No data.,No data.,No data.,No data.
2017-03-30,42.8,45.4,49.5,No data.,No data.,2.03,No data.,No data.,No data.,No data.,No data.
2017-03-31,42.3,44.9,49.8,No data.,No data.,0.13,No data.,No data.,No data.,No data.,No data.
2017-04-01,41.4,47.2,54.7,No data.,No data.,0.00,No data.,No data.,No data.,No data.,No data.
2017-04-02,46.0,48.2,54.9,No data.,No data.,0.07,No data.,No data.,No data.,No data.,No data.
2017-04-03,50.9,54.7,67.8,No data.,No data.,0.09,No data.,No data.,No data.,No data.,No data.
2017-04-04,44.1,49.7,66.0,No data.,No data.,0.78,No data.,No data.,No data.,No data.,No data.
2017-04-05,43.7,50.0,60.4,No data.,No data.,1.06,No data.,No data.,No data.,No data.,No data.
2017-04-06,37.0,48.0,60.4,No data.,No data.,0.24,No data.,No data.,No data.,No data.,No data.
2017-04-07,31.1,49.2,69.4,No data.,No data.,0.00,No data.,No data.,No data.,No data.,No data.
2017-04-08,55.8,64.0,79.9,No data.,No data.,0.00,No data.,No data.,No data.,No data.,No data.
2017-04-09,64.4,71.5,81.7,No data.,No data.,0.00,No data.,No data.,No data.,No data.,No data.
2017-04-10,49.3,60.5,81.3,No data.,No data.,0.00,No data.,No data.,No data.,No data.,No data.
2017-04-11,29.7,46.4,68.9,No data.,No data.,0.00,No data.,No data.,No data.,No data.,No data.
2017-04-12,46.8,61.7,78.6,No data.,No data.,0.00,No data.,No data.,No data.,No data.,No data.
2017-04-13,59.0,67.7,78.6,No data.,No data.,0.04,No data.,No data.,No data.,No data.,No data.
2017-04-14,60.1,67.0,81.0,No data.,No data.,0.07,No data.,No data.,No data.,No data.,No data.
2017-04-15,63.3,71.1,82.4,No data.,No data.,0.08,No data.,No data.,No data.,No data.,No data.
2017-04-16,57.6,64.2,80.2,No data.,No data.,0.12,No data.,No data.,No data.,No data.,No data.
2017-04-17,45.9,58.2,74.8,No data.,No data.,0.22,No data.,No data.,No data.,No data.,No data.
2017-04-18,57.7,67.0,82.6,No data.,No data.,0.00,No data.,No data.,No data.,No data.,No data.
2017-04-19,61.7,72.0,83.3,No data.,No data.,0.02,No data.,No data.,No data.,No data.,No data.
2017-04-20,50.5,61.9,79.5,No data.,No data.,0.59,No data.,No data.,No data.,No data.,No data.
2017-04-21,47.3,53.3,67.6,No data.,No data.,0.02,No data.,No data.,No data.,No data.,No data.
2017-04-22,46.6,54.0,65.5,No data.,No data.,0.08,No data.,No data.,No data.,No data.,No data.
2017-04-23,31.6,51.4,70.7,No data.,No data.,0.00,No data.,No data.,No data.,No data.,No data.
2017-04-24,51.4,61.1,76.1,No data.,No data.,0.00,No data.,No data.,No data.,No data.,No data.
2017-04-25,55.4,64.4,74.8,No data.,No data.,0.00,No data.,No data.,No data.,No data.,No data.
2017-04-26,40.3,46.3,57.2,No data.,No data.,0.00,No data.,No data.,No data.,No data.,No data.
2017-04-27,29.5,45.8,59.9,No data.,No data.,0.00,No data.,No data.,No data.,No data.,No data.
2017-04-28,48.4,52.5,63.1,No data.,No data.,0.11,No data.,No data.,No data.,No data.,No data.
2017-04-29,42.8,44.4,50.5,No data.,No data.,0.20,No data.,No data.,No data.,No data.,No data.
2017-04-30,40.3,44.3,54.3,No data.,No data.,0.52,No data.,No data.,No data.,No data.,No data.
2017-05-01,37.4,46.9,65.5,No data.,No data.,0.77,No data.,No data.,No data.,No data.,No data.
2017-05-02,46.9,57.5,66.7,No data.,No data.,0.04,No data.,No data.,No data.,No data.,No data.
2017-05-03,49.8,54.6,64.4,No data.,No data.,0.00,No data.,No data.,No data.,No data.,No data.
2017-05-04,38.8,53.3,69.1,No data.,No data.,0.06,No data.,No data.,No data.,No data.,No data.
2017-05-05,38.7,56.7,74.7,No data.,No data.,0.00,No data.,No data.,No data.,No data.,No data.
2017-05-06,51.1,65.5,83.1,No data.,No data.,0.00,No data.,No data.,No data.,No data.,No data.
2017-05-07,54.9,70.2,85.8,No data.,No data.,0.00,No data.,No data.,No data.,No data.,No data.
2017-05-08,61.5,74.1,85.3,No data.,No data.,0.00,No data.,No data.,No data.,No data.,No data.
2017-05-09,58.1,72.1,84.0,No data.,No data.,0.00,No data.,No data.,No data.,No data.,No data.
2017-05-10,68.5,73.0,82.8,No data.,No data.,0.00,No data.,No data.,No data.,No data.,No data.
2017-05-11,58.1,64.5,76.5,No data.,No data.,0.01,No data.,No data.,No data.,No data.,No data.
2017-05-12,44.1,62.5,73.9,No data.,No data.,0.24,No data.,No data.,No data.,No data.,No data.
2017-05-13,41.0,60.7,78.3,No data.,No data.,0.00,No data.,No data.,No data.,No data.,No data.
2017-05-14,61.0,71.7,87.4,No data.,No data.,0.00,No data.,No data.,No data.,No data.,No data.
2017-05-15,67.6,78.1,90.3,No data.,No data.,0.00,No data.,No data.,No data.,No data.,No data.
2017-05-16,67.5,77.6,87.8,No data.,No data.,0.00,No data.,No data.,No data.,No data.,No data.
2017-05-17,65.1,72.1,79.7,No data.,No data.,0.00,No data.,No data.,No data.,No data.,No data.
2017-05-18,52.7,63.7,76.6,No data.,No data.,0.01,No data.,No data.,No data.,No data.,No data.
2017-05-19,58.3,61.1,67.6,No data.,No data.,0.61,No data.,No data.,No data.,No data.,No data.
2017-05-20,49.6,58.1,65.7,No data.,No data.,0.90,No data.,No data.,No data.,No data.,No data.
2017-05-21,40.6,53.5,71.8,No data.,No data.,0.00,No data.,No data.,No data.,No data.,No data.
2017-05-22,52.3,59.9,71.1,No data.,No data.,0.00,No data.,No data.,No data.,No data.,No data.
2017-05-23,52.0,58.4,66.9,No data.,No data.,0.35,No data.,No data.,No data.,No data.,No data.
2017-05-24,45.9,55.4,67.6,No data.,No data.,0.04,No data.,No data.,No data.,No data.,No data.
2017-05-25,46.8,60.9,78.3,No data.,No data.,0.00,No data.,No data.,No data.,No data.,No data.
2017-05-26,56.7,70.1,82.4,No data.,No data.,0.20,No data.,No data.,No data.,No data.,No data.
2017-05-27,59.4,67.1,82.4,No data.,No data.,0.06,No data.,No data.,No data.,No data.,No data.
2017-05-28,54.7,66.8,79.5,No data.,No data.,0.42,No data.,No data.,No data.,No data.,No data.
2017-05-29,53.6,67.2,79.7,No data.,No data.,0.00,No data.,No data.,No data.,No data.,No data.
2017-05-30,47.1,65.4,82.4,No data.,No data.,0.00,No data.,No data.,No data.,No data.,No data.
2017-05-31,53.4,65.3,81.7,No data.,No data.,0.00,No data.,No data.,No data.,No data.,No data.
2017-06-01,61.2,68.9,78.8,No data.,No data.,0.44,No data.,No data.,No data.,No data.,No data.
2017-06-02,64.6,74.0,83.8,No data.,No data.,0.04,No data.,No data.,No data.,No data.,No data.
2017-06-03,59.7,71.4,82.0,No data.,No data.,0.00,No data.,No data.,No data.,No data.,No data.
2017-06-04,65.7,73.3,84.2,No data.,No data.,0.16,No data.,No data.,No data.,No data.,No data.
2017-06-05,60.3,74.5,89.6,No data.,No data.,0.00,No data.,No data.,No data.,No data.,No data.
2017-06-06,60.1,73.6,88.3,No data.,No data.,0.00,No data.,No data.,No data.,No data.,No data.
2017-06-07,56.8,69.4,80.6,No data.,No data.,0.00,No data.,No data.,No data.,No data.,No data.
2017-06-08,54.3,69.4,82.0,No data.,No data.,0.00,No data.,No data.,No data.,No data.,No data.
2017-06-09,61.0,73.2,86.2,No data.,No data.,0.00,No data.,No data.,No data.,No data.,No data.
2017-06-10,66.6,76.6,88.2,No data.,No data.,0.00,No data.,No data.,No data.,No data.,No data.
2017-06-11,71.4,80.8,91.0,No data.,No data.,0.00,No data.,No data.,No data.,No data.,No data.
2017-06-12,71.4,80.6,90.7,No data.,No data.,0.00,No data.,No data.,No data.,No data.,No data.
2017-06-13,73.4,82.0,91.8,No data.,No data.,0.00,No data.,No data.,No data.,No data.,No data.
2017-06-14,71.2,82.4,93.6,No data.,No data.,0.00,No data.,No data.,No data.,No data.,No data.
2017-06-15,61.5,78.6,94.1,No data.,No data.,0.00,No data.,No data.,No data.,No data.,No data.
2017-06-16,62.4,75.9,92.7,No data.,No data.,0.03,No data.,No data.,No data.,No data.,No data.
2017-06-17,71.8,83.3,95.5,No data.,No data.,0.00,No data.,No data.,No data.,No data.,No data.
2017-06-18,65.1,74.6,90.1,No data.,No data.,0.07,No data.,No data.,No data.,No data.,No data.
2017-06-19,61.5,72.8,88.2,No data.,No data.,0.02,No data.,No data.,No data.,No data.,No data.
2017-06-20,67.3,78.9,96.1,No data.,No data.,0.00,No data.,No data.,No data.,No data.,No data.
2017-06-21,72.1,83.3,94.1,No data.,No data.,0.03,No data.,No data.,No data.,No data.,No data.
2017-06-22,70.2,81.4,92.1,No data.,No data.,0.00,No data.,No data.,No data.,No data.,No data.
2017-06-23,70.9,77.5,90.1,No data.,No data.,0.00,No data.,No data.,No data.,No data.,No data.
2017-06-24,48.7,66.4,81.0,No data.,No data.,0.00,No data.,No data.,No data.,No data.,No data.
2017-06-25,54.1,64.8,76.8,No data.,No data.,0.02,No data.,No data.,No data.,No data.,No data.
2017-06-26,53.1,64.4,79.3,No data.,No data.,0.09,No data.,No data.,No data.,No data.,No data.
2017-06-27,56.8,66.9,84.4,No data.,No data.,0.06,No data.,No data.,No data.,No data.,No data.
2017-06-28,73.0,80.8,93.6,No data.,No data.,0.00,No data.,No data.,No data.,No data.,No data.
2017-06-29,62.6,76.7,91.2,No data.,No data.,0.00,No data.,No data.,No data.,No data.,No data.
2017-06-30,66.2,74.0,84.2,No data.,No data.,2.02,No data.,No data.,No data.,No data.,No data.
2017-07-01,56.8,69.9,86.4,No data.,No data.,0.43,No data.,No data.,No data.,No data.,No data.
2017-07-02,66.4,76.9,87.1,No data.,No data.,0.00,No data.,No data.,No data.,No data.,No data.
2017-07-03,69.1,76.8,86.5,No data.,No data.,0.00,No data.,No data.,No data.,No data.,No data.
2017-07-04,68.2,75.6,85.5,No data.,No data.,0.00,No data.,No data.,No data.,No data.,No data.
2017-07-05,60.8,73.9,87.6,No data.,No data.,0.00,No data.,No data.,No data.,No data.,No data.
2017-07-06,62.1,77.4,92.8,No data.,No data.,0.00,No data.,No data.,No data.,No data.,No data.
2017-07-07,70.0,80.8,92.3,No data.,No data.,0.00,No data.,No data.,No data.,No data.,No data.
2017-07-08,57.2,72.5,89.2,No data.,No data.,0.00,No data.,No data.,No data.,No data.,No data.
2017-07-09,66.7,80.6,93.6,No data.,No data.,0.00,No data.,No data.,No data.,No data.,No data.
2017-07-10,74.5,85.0,97.2,No data.,No data.,0.00,No data.,No data.,No data.,No data.,No data.
2017-07-11,76.6,86.1,98.6,No data.,No data.,0.00,No data.,No data.,No data.,No data.,No data.
2017-07-12,79.5,88.9,100.6,No data.,No data.,0.00,No data.,No data.,No data.,No data.,No data.
2017-07-13,74.1,84.0,99.0,No data.,No data.,0.00,No data.,No data.,No data.,No data.,No data.
2017-07-14,70.2,76.8,89.2,No data.,No data.,0.04,No data.,No data.,No data.,No data.,No data.
2017-07-15,68.7,80.1,92.1,No data.,No data.,0.00,No data.,No data.,No data.,No data.,No data.
2017-07-16,69.6,82.1,93.4,No data.,No data.,0.00,No data.,No data.,No data.,No data.,No data.
2017-07-17,64.8,82.1,96.1,No data.,No data.,0.00,No data.,No data.,No data.,No data.,No data.
2017-07-18,75.2,84.1,96.1,No data.,No data.,0.00,No data.,No data.,No data.,No data.,No data.
2017-07-19,77.0,87.6,100.2,No data.,No data.,0.00,No data.,No data.,No data.,No data.,No data.
2017-07-20,77.7,89.1,102.9,No data.,No data.,0.00,No data.,No data.,No data.,No data.,No data.
2017-07-21,79.5,90.9,104.4,No data.,No data.,0.00,No data.,No data.,No data.,No data.,No data.
2017-07-22,79.9,91.4,104.4,No data.,No data.,0.00,No data.,No data.,No data.,No data.,No data.
2017-07-23,66.0,78.3,95.0,No data.,No data.,0.33,No data.,No data.,No data.,No data.,No data.
2017-07-24,68.5,81.9,94.3,No data.,No data.,0.00,No data.,No data.,No data.,No data.,No data.
2017-07-25,72.7,84.7,98.1,No data.,No data.,0.00,No data.,No data.,No data.,No data.,No data.
2017-07-26,73.4,80.2,95.0,No data.,No data.,0.00,No data.,No data.,No data.,No data.,No data.
2017-07-27,73.0,77.7,87.4,No data.,No data.,0.89,No data.,No data.,No data.,No data.,No data.
2017-07-28,65.5,76.5,88.3,No data.,No data.,0.00,No data.,No data.,No data.,No data.,No data.
2017-07-29,62.1,74.2,85.5,No data.,No data.,0.00,No data.,No data.,No data.,No data.,No data.
2017-07-30,60.6,72.5,84.0,No data.,No data.,0.00,No data.,No data.,No data.,No data.,No data.
2017-07-31,61.3,69.6,81.3,No data.,No data.,0.00,No data.,No data.,No data.,No data.,No data.
2017-08-01,58.3,70.0,86.0,No data.,No data.,0.07,No data.,No data.,No data.,No data.,No data.
2017-08-02,60.8,73.9,90.3,No data.,No data.,0.00,No data.,No data.,No data.,No data.,No data.
2017-08-03,63.9,74.0,87.4,No data.,No data.,0.43,No data.,No data.,No data.,No data.,No data.
2017-08-04,51.6,67.1,77.5,No data.,No data.,0.68,No data.,No data.,No data.,No data.,No data.
2017-08-05,58.5,67.6,79.9,No data.,No data.,0.00,No data.,No data.,No data.,No data.,No data.
2017-08-06,64.2,67.5,74.5,No data.,No data.,3.33,No data.,No data.,No data.,No data.,No data.
2017-08-07,59.4,67.8,78.1,No data.,No data.,0.00,No data.,No data.,No data.,No data.,No data.
2017-08-08,59.4,69.0,80.4,No data.,No data.,0.00,No data.,No data.,No data.,No data.,No data.
2017-08-09,62.8,71.2,80.8,No data.,No data.,0.02,No data.,No data.,No data.,No data.,No data.
2017-08-10,61.2,71.2,83.1,No data.,No data.,0.10,No data.,No data.,No data.,No data.,No data.
2017-08-11,63.0,72.7,82.0,No data.,No data.,0.20,No data.,No data.,No data.,No data.,No data.
2017-08-12,56.8,69.4,82.4,No data.,No data.,0.38,No data.,No data.,No data.,No data.,No data.
2017-08-13,59.5,70.6,83.7,No data.,No data.,0.00,No data.,No data.,No data.,No data.,No data.
2017-08-14,68.5,76.2,89.2,No data.,No data.,0.00,No data.,No data.,No data.,No data.,No data.
2017-08-15,70.2,79.2,87.8,No data.,No data.,0.00,No data.,No data.,No data.,No data.,No data.
2017-08-16,64.8,75.9,86.4,No data.,No data.,0.00,No data.,No data.,No data.,No data.,No data.
2017-08-17,63.3,72.9,84.6,No data.,No data.,0.39,No data.,No data.,No data.,No data.,No data.
2017-08-18,66.0,75.8,88.5,No data.,No data.,0.00,No data.,No data.,No data.,No data.,No data.
2017-08-19,61.9,76.2,92.1,No data.,No data.,0.00,No data.,No data.,No data.,No data.,No data.
2017-08-20,67.6,82.1,94.1,No data.,No data.,0.00,No data.,No data.,No data.,No data.,No data.
2017-08-21,74.7,81.8,91.9,No data.,No data.,0.10,No data.,No data.,No data.,No data.,No data.
2017-08-22,66.6,74.1,88.2,No data.,No data.,0.20,No data.,No data.,No data.,No data.,No data.
2017-08-23,50.2,65.1,80.8,No data.,No data.,0.09,No data.,No data.,No data.,No data.,No data.
2017-08-24,56.3,68.5,80.8,No data.,No data.,0.00,No data.,No data.,No data.,No data.,No data.
2017-08-25,65.3,73.1,82.2,No data.,No data.,0.00,No data.,No data.,No data.,No data.,No data.
2017-08-26,60.6,72.5,87.3,No data.,No data.,0.00,No data.,No data.,No data.,No data.,No data.
2017-08-27,66.0,74.7,84.6,No data.,No data.,0.00,No data.,No data.,No data.,No data.,No data.
2017-08-28,57.4,69.6,81.1,No data.,No data.,0.38,No data.,No data.,No data.,No data.,No data.
2017-08-29,52.3,65.7,80.1,No data.,No data.,0.00,No data.,No data.,No data.,No data.,No data.
2017-08-30,52.3,66.4,82.4,No data.,No data.,0.00,No data.,No data.,No data.,No data.,No data.
2017-08-31,54.3,68.6,82.4,No data.,No data.,0.00,No data.,No data.,No data.,No data.,No data.
2017-09-01,55.8,67.9,80.6,No data.,No data.,0.00,No data.,No data.,No data.,No data.,No data.
2017-09-02,64.4,73.4,87.4,No data.,No data.,0.00,No data.,No data.,No data.,No data.,No data.
2017-09-03,58.3,74.5,92.8,No data.,No data.,0.00,No data.,No data.,No data.,No data.,No data.
2017-09-04,72.1,78.8,89.6,No data.,No data.,0.00,No data.,No data.,No data.,No data.,No data.
2017-09-05,55.2,67.4,79.9,No data.,No data.,0.00,No data.,No data.,No data.,No data.,No data.
2017-09-06,41.5,58.1,76.6,No data.,No data.,0.00,No data.,No data.,No data.,No data.,No data.
2017-09-07,42.8,61.7,84.2,No data.,No data.,0.00,No data.,No data.,No data.,No data.,No data.
2017-09-08,64.8,74.7,90.0,No data.,No data.,0.00,No data.,No data.,No data.,No data.,No data.
2017-09-09,60.3,73.5,86.4,No data.,No data.,0.00,No data.,No data.,No data.,No data.,No data.
2017-09-10,64.6,74.8,84.6,No data.,No data.,0.00,No data.,No data.,No data.,No data.,No data.
2017-09-11,55.0,71.8,85.3,No data.,No data.,0.00,No data.,No data.,No data.,No data.,No data.
2017-09-12,52.0,67.0,82.4,No data.,No data.,0.00,No data.,No data.,No data.,No data.,No data.
2017-09-13,51.6,67.8,89.2,No data.,No data.,0.00,No data.,No data.,No data.,No data.,No data.
2017-09-14,64.2,77.8,96.1,No data.,No data.,0.00,No data.,No data.,No data.,No data.,No data.
2017-09-15,70.0,78.1,92.7,No data.,No data.,0.04,No data.,No data.,No data.,No data.,No data.
2017-09-16,72.7,79.4,89.6,No data.,No data.,0.00,No data.,No data.,No data.,No data.,No data.
2017-09-17,57.6,64.4,87.8,No data.,No data.,0.00,No data.,No data.,No data.,No data.,No data.
2017-09-18,65.1,69.4,82.8,No data.,No data.,0.00,No data.,No data.,No data.,No data.,No data.
2017-09-19,69.3,78.7,93.9,No data.,No data.,0.28,No data.,No data.,No data.,No data.,No data.
2017-09-20,71.8,81.1,91.4,No data.,No data.,0.00,No data.,No data.,No data.,No data.,No data.
2017-09-21,69.8,81.2,94.8,No data.,No data.,0.00,No data.,No data.,No data.,No data.,No data.
2017-09-22,74.8,84.2,95.0,No data.,No data.,0.00,No data.,No data.,No data.,No data.,No data.
2017-09-23,71.6,81.1,91.6,No data.,No data.,0.00,No data.,No data.,No data.,No data.,No data.
2017-09-24,71.1,79.8,90.9,No data.,No data.,0.00,No data.,No data.,No data.,No data.,No data.
2017-09-25,64.9,74.7,87.4,No data.,No data.,0.00,No data.,No data.,No data.,No data.,No data.
2017-09-26,55.9,61.1,65.8,No data.,No data.,0.35,No data.,No data.,No data.,No data.,No data.
2017-09-27,55.4,59.9,71.6,No data.,No data.,0.03,No data.,No data.,No data.,No data.,No data.
2017-09-28,43.5,58.0,77.0,No data.,No data.,0.00,No data.,No data.,No data.,No data.,No data.
2017-09-29,49.8,63.7,81.0,No data.,No data.,0.00,No data.,No data.,No data.,No data.,No data.
2017-09-30,58.3,68.7,82.9,No data.,No data.,0.00,No data.,No data.,No data.,No data.,No data.
2017-10-01,63.9,70.7,82.0,No data.,No data.,0.00,No data.,No data.,No data.,No data.,No data.
2017-10-02,65.3,74.7,88.9,No data.,No data.,0.00,No data.,No data.,No data.,No data.,No data.
2017-10-03,63.7,74.8,83.5,No data.,No data.,0.00,No data.,No data.,No data.,No data.,No data.
2017-10-04,57.2,60.0,65.1,No data.,No data.,0.11,No data.,No data.,No data.,No data.,No data.
2017-10-05,58.5,65.5,78.3,No data.,No data.,0.40,No data.,No data.,No data.,No data.,No data.
2017-10-06,71.1,72.3,76.8,No data.,No data.,0.02,No data.,No data.,No data.,No data.,No data.
2017-10-07,57.0,66.8,81.0,29.62,58.1,1.46,9.4,No data.,10.36,23.02,44.88
2017-10-08,46.0,63.2,84.0,29.66,48.4,0.11,10.0,No data.,5.18,19.68,26.35
2017-10-09,54.0,60.8,73.9,29.80,48.0,0.00,10.0,No data.,11.16,24.17,37.98
2017-10-10,42.1,46.8,62.1,30.19,39.6,0.03,9.8,No data.,9.55,19.68,33.26
2017-10-11,32.0,47.5,69.1,30.22,38.2,0.06,9.0,No data.,2.76,8.06,No data.
2017-10-12,46.9,60.9,82.9,30.00,50.2,0.00,10.0,No data.,6.90,18.30,28.88
2017-10-13,60.1,69.8,80.1,29.90,60.3,0.00,10.0,No data.,4.72,10.24,No data.
2017-10-14,55.9,63.8,79.0,29.89,60.5,0.00,8.6,No data.,5.29,17.26,29.92
2017-10-15,41.0,53.9,63.0,30.28,40.4,0.90,10.0,No data.,7.36,16.11,27.73
2017-10-16,35.1,51.0,73.9,30.35,38.9,0.00,10.0,No data.,4.83,17.26,24.17
2017-10-17,45.0,59.9,75.9,30.13,43.2,0.00,10.0,No data.,9.32,18.30,25.32
2017-10-18,43.0,60.3,78.1,29.99,47.1,0.00,10.0,No data.,7.13,14.96,23.02
2017-10-19,42.1,59.9,82.9,30.03,48.5,0.00,8.5,No data.,4.03,14.96,19.68
2017-10-20,57.0,67.0,80.1,29.92,54.8,0.00,10.0,No data.,12.89,25.32,40.28
2017-10-21,63.0,69.7,77.0,29.71,58.8,0.00,10.0,No data.,17.26,28.88,43.84
2017-10-22,39.9,56.7,71.1,30.07,39.5,0.13,10.0,No data.,4.03,9.21,18.30
2017-10-23,39.0,53.9,69.1,30.03,37.0,0.00,10.0,No data.,6.44,16.11,29.92
2017-10-24,46.9,53.4,61.0,30.18,30.3,0.00,10.0,No data.,10.01,14.96,34.41
2017-10-25,33.1,50.7,78.1,30.02,33.1,0.00,10.0,No data.,5.87,11.39,No data.
2017-10-26,42.1,56.5,71.1,29.68,39.7,0.00,10.0,No data.,8.63,18.30,31.07
2017-10-27,33.1,41.1,53.1,30.14,22.8,0.00,10.0,No data.,10.47,13.81,31.07
2017-10-28,21.0,35.1,53.1,30.15,16.4,0.00,10.0,No data.,3.57,6.90,No data.
2017-10-29,25.0,43.0,No data.,29.85,25.1,0.00,10.0,No data.,3.80,12.77,19.68
2017-10-30,42.1,51.0,64.0,30.00,31.0,0.00,10.0,No data.,8.98,19.68,36.94
2017-10-31,21.0,30.4,42.1,30.25,23.2,0.00,8.7,No data.,3.22,9.21,No data.
2017-11-01,30.9,41.9,60.1,29.77,34.0,0.04,10.0,No data.,5.41,12.77,No data.
2017-11-02,44.1,50.7,59.0,29.79,45.1,0.00,7.0,No data.,8.75,18.30,27.73
2017-11-03,34.0,42.7,54.0,30.19,34.2,0.00,9.9,No data.,10.13,13.81,No data.
2017-11-04,42.1,45.8,53.1,29.95,42.8,0.00,5.8,No data.,3.57,10.24,No data.
2017-11-05,46.0,50.1,52.0,29.85,43.4,0.00,9.4,No data.,7.60,16.11,21.86
2017-11-06,28.9,38.8,48.0,30.17,25.1,0.00,10.0,No data.,8.17,12.77,16.11
2017-11-07,33.1,38.4,46.9,30.32,25.1,0.00,10.0,No data.,8.40,16.11,21.86
2017-11-08,18.0,33.2,54.0,30.39,22.8,0.00,10.0,No data.,1.73,5.87,No data.
2017-11-09,24.1,34.0,46.9,30.31,23.5,0.00,10.0,No data.,5.29,16.11,18.30
2017-11-10,26.1,32.9,45.0,30.38,16.4,0.00,10.0,No data.,10.70,14.96,17.26
2017-11-11,34.0,42.8,48.9,30.11,34.8,0.00,7.3,No data.,5.41,12.77,23.02
2017-11-12,42.1,47.5,52.0,30.31,43.6,0.07,4.5,No data.,3.68,10.24,No data.
2017-11-13,27.0,40.7,52.0,30.38,37.3,0.00,4.7,No data.,4.26,11.39,No data.
2017-11-14,50.0,54.3,61.0,30.05,51.3,0.00,7.1,No data.,5.41,12.77,No data.
2017-11-15,44.1,54.3,60.1,30.06,42.9,0.02,7.7,No data.,5.75,10.24,19.68
2017-11-16,28.0,42.5,60.1,30.16,29.3,0.01,10.0,No data.,5.41,16.11,No data.
2017-11-17,50.0,62.1,77.0,29.66,49.5,0.00,9.5,No data.,12.43,21.86,27.73
2017-11-18,44.1,50.7,66.9,29.78,39.5,0.01,9.5,No data.,10.13,16.11,29.92
2017-11-19,21.0,39.2,60.1,30.23,24.3,0.00,10.0,No data.,4.37,16.11,20.83
2017-11-20,39.9,50.1,64.9,29.88,24.8,0.00,10.0,No data.,14.85,25.32,33.26
2017-11-21,35.1,48.6,57.9,29.96,23.9,0.00,10.0,No data.,11.05,19.68,34.41
2017-11-22,14.0,29.1,48.9,30.40,13.7,0.00,10.0,No data.,4.83,12.77,No data.
2017-11-23,30.0,44.4,73.0,30.08,26.5,0.00,10.0,No data.,4.83,12.77,No data.
2017-11-24,44.1,58.9,81.0,29.72,37.9,0.00,9.8,No data.,9.32,19.68,27.73
2017-11-25,30.0,50.4,66.0,30.08,34.3,0.00,10.0,No data.,2.76,10.24,18.30
2017-11-26,32.0,46.9,70.0,30.21,31.9,0.00,10.0,No data.,5.75,19.68,26.35
2017-11-27,36.0,54.6,75.0,29.90,36.6,0.00,10.0,No data.,10.47,20.83,34.41
2017-11-28,45.0,58.7,70.0,29.84,43.1,0.00,10.0,No data.,13.46,23.02,29.92
2017-11-29,44.1,48.9,55.9,30.23,24.0,0.00,10.0,No data.,8.17,14.96,20.83
2017-11-30,30.9,45.0,59.0,30.27,26.3,0.00,9.6,No data.,2.42,5.87,No data.
2017-12-01,24.1,41.0,63.0,30.16,23.2,0.00,10.0,No data.,4.72,16.11,24.17
2017-12-02,27.0,43.8,63.0,30.10,32.2,0.00,10.0,No data.,1.61,8.06,No data.
2017-12-03,28.0,44.4,71.1,30.01,36.5,0.00,9.8,No data.,4.14,17.26,26.35
2017-12-04,45.0,62.0,66.9,29.61,48.5,0.00,10.0,No data.,18.76,27.73,40.28
2017-12-05,18.0,35.1,51.1,30.23,12.2,0.00,10.0,No data.,10.01,17.26,27.73
2017-12-06,28.9,39.6,50.0,30.26,19.1,0.00,10.0,No data.,8.40,14.96,25.32
2017-12-07,16.0,24.6,37.0,30.48,9.8,0.00,10.0,No data.,5.41,14.96,26.35
2017-12-08,12.0,27.2,41.0,30.16,12.3,0.00,10.0,No data.,6.21,11.39,18.30
2017-12-09,19.9,33.5,46.9,30.15,21.4,0.00,10.0,No data.,4.03,12.77,24.17
2017-12-10,19.0,39.6,64.0,30.19,18.5,0.00,10.0,No data.,5.41,10.24,18.30
2017-12-11,27.0,42.9,60.1,30.11,19.4,0.00,10.0,No data.,7.94,16.11,29.92
2017-12-12,21.0,37.9,50.0,30.32,25.1,0.00,10.0,No data.,6.33,11.39,23.02
2017-12-13,25.0,43.5,62.1,29.88,23.7,0.00,10.0,No data.,8.29,17.26,28.88
2017-12-14,30.9,40.7,50.0,30.07,26.8,0.00,10.0,No data.,4.72,9.21,No data.
2017-12-15,24.1,39.3,52.0,30.14,27.7,0.00,9.9,No data.,7.94,16.11,26.35
2017-12-16,30.0,45.3,63.0,29.86,24.5,0.00,10.0,No data.,11.51,19.68,No data.
2017-12-17,39.9,47.3,55.0,29.96,36.1,0.04,9.1,No data.,4.03,14.96,No data.
2017-12-18,27.0,41.4,57.0,30.04,32.4,0.01,8.0,No data.,6.67,16.11,17.26
2017-12-19,30.9,40.6,53.1,30.02,35.0,0.00,6.6,No data.,4.72,18.30,No data.
2017-12-20,33.1,41.4,50.0,30.03,27.0,0.00,10.0,No data.,8.17,13.81,No data.
2017-12-21,35.1,46.0,50.0,29.80,40.6,0.00,6.3,No data.,8.75,12.77,21.86
2017-12-22,27.0,29.8,36.0,30.14,22.2,0.00,9.5,No data.,5.98,10.24,19.68
2017-12-23,15.1,26.0,30.9,30.27,17.8,0.00,9.9,No data.,4.14,12.77,No data.
2017-12-24,14.0,23.8,28.9,30.37,14.2,0.06,8.7,No data.,7.60,12.77,19.68
2017-12-25,10.0,19.6,28.0,30.43,10.2,0.00,10.0,No data.,6.79,16.11,23.02
2017-12-26,8.1,12.2,19.9,30.60,2.2,0.00,8.3,No data.,13.00,18.30,24.17
2017-12-27,-4.0,6.7,16.0,30.77,-3.4,0.00,10.0,No data.,4.83,10.24,No data.
2017-12-28,16.0,23.9,36.0,30.47,10.6,0.00,10.0,No data.,6.56,9.21,18.30
2017-12-29,16.0,26.1,37.0,30.29,20.1,0.00,8.6,No data.,4.14,13.81,21.86
2017-12-30,7.0,14.9,35.1,30.54,6.3,0.00,8.8,No data.,10.47,17.26,27.73
2017-12-31,5.0,6.6,7.0,30.54,-4.0,0.00,10.0,No data.,12.31,14.96,No data.
